Learning Objective,Competency Code,Knowledge / Skills Statement,Session,Training
Analyze the stages of worker development implications for leadership. (1e),"Creates a learning climate in which the development and maintenance of competencies, professional judgment and sound decision making in supervisees takes place through clear, sympathetic supervisory direction and assists staff to transfer knowledge and skills learned through in-service training to their jobs. (S)",Skill,1,2
"Apply coaching techniques to supervision (1l, 1n, 2k)","Understands how the skills listed within the practice model support positive outcomes for children, youth, and families and is capable of assessing their staff in terms of these skills. (K&S); Uses listening and observation to anticipate and prepare for others’ reactions. (K&S); Shows the ability to manage the employee appraisal process, to use competencies in performance planning, and to assess employee performance. (K&S)",Knowledge & Skills; Knowledge & Skills; Knowledge & Skills,2,2
"Apply the Safety Practice Profiles via role play. (1j, 1o, 1r, 1u, 1w)","Understands the vision of the Minnesota practice model itself, why it was developed, and how statewide leadership envisions the practice model as a tool to support practice and improve performance and outcomes. (K); Understands how staff members’ attitudes, needs, behaviors, personal preferences, work style, beliefs, gender, and cultural backgrounds may influence perceptions and performance. (K); Advocates reduced organizational barriers to staff performance including: assessing needed resources, changes to unit or regional policies/procedures, modifying unrealistic job expectations, and collaborating with upper-level management for changes in problematic organizational issues. (K&S); Finds creative and effective ways to advocate for clients and staff. (K&S); Discerns the strengths, needs, challenges, and feelings of others and offers appropriate support to colleagues/supervisees. (K&S)",Knowledge; Knowledge; Knowledge & Skills; Knowledge & Skills; Knowledge & Skills,1,3
Apply the ladder of inference to an example,,,2,1
Brainstorm best practices on how to adapt your leadership approach to meet the needs of workers at different stages of development. (1e),"Creates a learning climate in which the development and maintenance of competencies, professional judgment and sound decision making in supervisees takes place through clear, sympathetic supervisory direction and assists staff to transfer knowledge and skills learned through in-service training to their jobs. (S)",Skill,1,2
Build awareness of individual bias to support workers in navigating their own biases,,,2,1
Build awareness of systemic bias to support workers in navigating systemic biases,,,2,1
"Communicate effectively with workers during difficult situations (1b, 1e, 1m, 5b)","Understands and values diversity and different styles of perceiving, learning, communicating, and operating. (K); Creates a learning climate in which the development and maintenance of competencies, professional judgment and sound decision making in supervisees takes place through clear, sympathetic supervisory direction and assists staff to transfer knowledge and skills learned through in-service training to their jobs. (S); Understands the value of supporting expression, and can recognize emotion-laden issues or situations and handle them with sensitivity. (S); Adjusts communication, behavior and approach to a situation or to the agency’s larger objective. (S)",Knowledge; Skill; Skill; Skill,2,2
Create a leadership mission statement. (3f),Demonstrates knowledge of the mission of the agency and its role in the child and family service system. (K),Knowledge,1,1
Define the five supervisory conversation types,,,2,1
Demonstrate coaching workers on thoughtful uses of the safety and risk assessments,,,2,3
Demonstrate how to conduct a group supervision meeting,,,2,3
"Determine appropriate information in best practice documents. (1f, 1cc, 2e, 2h, 4h, 5c, 8a, 8e)","Keeps abreast of research data, including disparities and disproportionality, and ICWA practice data and informs staff of ongoing changes in best practices child welfare. (K&S); Organizes material or activities to accomplish tasks efficiently. (S); Demonstrates the ability to organize materials or activities in order to accomplish tasks efficiently. (S); Demonstrates knowledge of, and can access personnel laws, rules, regulations and the union contract. (K&S); Solicits data, information, ideas, and opinions from relevant sources for specific decisions and plans. (S); Utilizes theoretical frameworks and incorporates past experience to guide analysis and practice. (K&S); Anticipates significant information necessary for decision making. (K); Gives directions or orders based on professional authority, rules, and procedures when a situation requires. (S)",Knowledge & Skills; Skill; Skill; Knowledge & Skills; Skill; Knowledge & Skills; Knowledge; Skill,4,1
Develop an intercultural Development Plan to improve your intercultural competence with the help of an accountability partner. (1D),,,1,3
Discuss cross-cultural supervision. (6j),Demonstrates how to use culturally relevant information in ways that avoid stereotyping. (K&S),Knowledge & Skills,1,1
"Discuss current efforts to address disparities and disproportionality in child welfare. (1f, 6a, 6b)","Keeps abreast of research data, including disparities and disproportionality, and ICWA practice data and informs staff of ongoing changes in best practices child welfare. (K&S); Understands the impact of disparities, disproportionalities and historical trauma on African-American families. (K); Understands the impact of disparities, disproportionalities and historical trauma on American Indian families. (K)",Knowledge & Skills; Knowledge; Knowledge,1,1
"Discuss the importance of maintaining an open mind in decision-making. (2b, 8b)","Understands and appreciates the different views, expertise and experience of others; understands the perspectives and limitations of other individuals and systems. (K); Recognizes when a decision is required and makes timely decisions based on available data. (K&S)",Knowledge; Knowledge & Skills,1,2
Generate strategies to facilitate balanced supervision in your work. (1x),"Understands and clarifies roles and responsibilities of participants in the child welfare system, including tribal agencies. (K&S)",Knowledge & Skills,1,1
"Identify aspects of productive communication. (1bb, 7i, 1u)","Demonstrates ability to structure supervisory conferences (individual and group) to review and document casework activities and caseworker performance. (S); Engages with superiors, supervisees and mentors in an appropriate fashion. (S); Finds creative and effective ways to advocate for clients and staff. (K&S)",Skill; Skill; Knowledge & Skills,1,3
Identify at least three specific ways to encourage continued learning in workers,,,2,1
"Identify conflict management approaches. (4c-d, 4k-l)","Works with others to find a win/win resolution of differences whenever possible. (S); Shows awareness of how management style impacts staff productivity and development. (K); Recognizes the complexities inherent in conflict, including aspects of direct child welfare practice, and proactively engages others in conflict resolution. (K&S); Understands the concepts of team development, facilitation of effective meetings, and conflict management. (K)",Skills; Knowledge; Knowledge and Skills; Knowledge,4,1
"Identify factors contributing to disparity and disproportionality in the child welfare system. (1f, 6a, 6b)","Keeps abreast of research data, including disparities and disproportionality, and ICWA practice data and informs staff of ongoing changes in best practices child welfare. (K&S); Understands the impact of disparities, disproportionalities and historical trauma on African-American families. (K); Understands the impact of disparities, disproportionalities and historical trauma on American Indian families. (K)",Knowledge & Skills; Knowledge; Knowledge,1,1
Identify inclusive development initiatives that promote intercultural competence among new workers.,,,1,3
"Identify performance management concerns. (1aa-bb, 2k-l, 4c, 4k-l)","Plans, schedules, and directs the work of self and others. (S); Demonstrates ability to structure supervisory conferences (individual and group) to review and document casework activities and caseworker performance. (S); Shows the ability to manage the employee appraisal process, to use competencies in performance planning, and to assess employee performance. (K&S); Demonstrates the ability to identify employee performance problems and apply principles of progressive discipline. (S); Works with others to find a win/win resolution of differences whenever possible. (S); Recognizes the complexities inherent in conflict, including aspects of direct child welfare practice, and proactively engages others in conflict resolution. (K&S); Understands the concepts of team development, facilitation of effective meetings, and conflict management. (K)",Skills; Skills; Knowledge and Skills; Skills; Skill; Knowledge and Skills; Knowledge,4,1
"Identify strategies for addressing trauma with workers. (1s, 1t)",Demonstrates the capacity to recognize and respond to secondary trauma in agency caseworkers. (K); Understands the skill set needed and can provide support (including referral for services) to staff experiencing secondary trauma and promote agency-wide understanding of the effects of secondary trauma. (K&S),Knowledge; Knowledge & Skills,1,3
"Identify strategies to use while transitioning into a supervisory role. (7a, 7i)","Describes and evaluates own performance in terms that reflect recognition of personal strengths and challenges. (K&S); Engages with superiors, supervisees and mentors in an appropriate fashion. (S)",Knowledge & Skills; Skill,1,2
"Identify techniques to assessing staff’s ability to receive supervision (1l, 1n, 2k)","Understands how the skills listed within the practice model support positive outcomes for children, youth, and families and is capable of assessing their staff in terms of these skills. (K&S); Uses listening and observation to anticipate and prepare for others’ reactions. (K&S); Shows the ability to manage the employee appraisal process, to use competencies in performance planning, and to assess employee performance. (K&S)",Knowledge & Skills; Knowledge & Skills; Knowledge & Skills,2,2
Identify the core values of MN CW Framework for Competent CW Practice. (page 2 of Framework),,,1,1
Identify the importance of a welcoming climate & Identify at least two tools to help orient new workers,,,2,1
Identify the importance of personal professional development,,,2,1
"Identify ways to build a supportive team environment. (2b, 8b)","Understands and appreciates the different views, expertise and experience of others; understands the perspectives and limitations of other individuals and systems. (K); Recognizes when a decision is required and makes timely decisions based on available data. (K&S)",Knowledge; Knowledge & Skills,1,2
Identify ways to foster a supportive team dynamic. (6f),Identifies and implements methods to increase effective intercultural understanding. (K&S),Knowledge & Skills,1,1
"List problem-solving responses to performance concerns (2j, 2k, 2l)","Shows the ability to manage, as appropriate, the hiring, selection, and termination process. (K&S); Shows the ability to manage the employee appraisal process, to use competencies in performance planning, and to assess employee performance. (K&S); Demonstrates the ability to identify employee performance problems and apply principles of progressive discipline. (S)",Knowledge & Skills; Knowledge & Skills; Skill,2,2
Practice coaching workers to make critical decisions,,,2,3
"Recognize four fundamental essentials of employees. (1c, 1n, 1w, 4e)","Understands factors that motivate performance and can use this information to assist staff performance improvement. (K&S); Uses listening and observation to anticipate and prepare for others’ reactions. (K&S); Discerns the strengths, needs, challenges, and feelings of others and offers appropriate support to colleagues/supervisees. (K&S); Modifies leadership style to meet situational requirements. (K&S)",Knowledge & Skills; Knowledge & Skills; Knowledge & Skills; Knowledge & Skills,1,2
Recognize that preferences can lead to biases,,,2,1
"Recognize the importance of decision-making. (8f, 8j, 1o)","Reaches sound conclusions and makes reasonable decisions based on available information. (K&S); Identifies and confronts bias as it relates to decision making. (K&S); Understands how staff members’ attitudes, needs, behaviors, personal preferences, work style, beliefs, gender, and cultural backgrounds may influence perceptions and performance. (K)",Knowledge & Skills; Knowledge & Skills; Knowledge,1,3
Recognize the role of assessment in devising effective safety plans,,,2,3
Reflect on strategies that enhance team cohesion. (4j),Demonstrates the group process skills needed for diverse groups to work together effectively to achieve a common goal. (K&S),Knowledge & Skills,1,2
"Reflect on the significance of effective listening. (1m, 1n, 4e)","Understands the value of supporting expression, and can recognize emotion-laden issues or situations and handle them with sensitivity. (S); Uses listening and observation to anticipate and prepare for others’ reactions. (K&S); Modifies leadership style to meet situational requirements. (K&S)",Skill; Knowledge & Skills; Knowledge & Skills,1,2
Utilize assessments to challenge biased reactions,,,2,3
"Utilize conflict management skills in a role-play. (4c-d, 4k-l)","Works with others to find a win/win resolution of differences whenever possible. (S); Shows awareness of how management style impacts staff productivity and development. (K); Recognizes the complexities inherent in conflict, including aspects of direct child welfare practice, and proactively engages others in conflict resolution. (K&S); Understands the concepts of team development, facilitation of effective meetings, and conflict management. (K)",Skills; Knowledge; Knowledge and Skills; Knowledge,4,1
"Utilize performance management skills in a role-play. (1m-n, 1p, 1ee, 4d, 4k-l, 8c)","Understands the value of supporting expression, and can recognize emotion-laden issues or situations and handle them with sensitivity. (S); Uses listening and observation to anticipate and prepare for others’ reactions. (K&S); Recognizes when a worker’s emotional responses and/or judgment interfere with the casework process and can empower the worker to identify and examine these reactions. (K&S); Demonstrates knowledge regarding organization and management development theory; the role of power and authority; the operation of effective organizations and the dynamics of organization change. (K); Shows awareness of how management style impacts staff productivity and development. (K); Recognizes the complexities inherent in conflict, including aspects of direct child welfare practice, and proactively engages others in conflict resolution. (K&S); Understands the concepts of team development, facilitation of effective meetings, and conflict management. (K); Maintains and/or explains positions when under pressure from others, confronting resistance if necessary. (K&S)",Skills; Knowledge and Skills; Knowledge & Skills; Knowledge; Knowledge; Knowledge and Skills; Knowledge; Knowledge & Skills,4,1
